"","date"
"1",2023-01-04
"2",2023-01-09
"3",2023-01-11
"4",2023-01-12
"5",2023-01-13
"6",2023-01-14
"7",2023-01-16
"8",2023-02-01
"9",2023-02-02
"10",2023-02-03
"11",2023-02-17
"12",2023-02-18
"13",2023-03-08
"14",2023-03-09
"15",2023-03-10
"16",2023-03-13
"17",2023-03-14
"18",2023-03-24
"19",2023-03-25
"20",2023-03-31
"21",2023-04-01
"22",2023-04-24
"23",2023-08-01
"24",2023-08-02
"25",2023-08-06
"26",2023-10-31
"27",2023-11-04
"28",2023-11-05
"29",2023-11-10
"30",2023-11-13
"31",2023-11-14
"32",2023-11-20
"33",2023-12-05
"34",2023-12-10
"35",2023-12-11
"36",2023-12-21
"37",2023-12-22
"38",2023-12-23
"39",2023-12-24
"40",2023-12-26
"41",2023-12-28
"42",2023-12-29
